{"cameraMode":{"drawMode":0,"name":"Shaded","section":"Shading Mode"},"sceneLighting":true,"audioPlay":false,"sceneViewState":{"showFog":true,"showMaterialUpdate":false,"showSkybox":true,"showFlares":true,"showImageEffects":true,"showParticleSystems":true},"in2DMode":false,"pivot":{"x":-0.1018073558807373,"y":-1.4864847660064698,"z":-1.2912249565124512},"rotation":{"x":0.4349020719528198,"y":0.391109436750412,"z":-0.21769340336322785,"w":0.7813470959663391},"size":20.3143367767334,"orthographic":false}