{"cameraMode":{"drawMode":0,"name":"Shaded","section":"Shading Mode"},"sceneLighting":true,"audioPlay":false,"sceneViewState":{"showFog":false,"showMaterialUpdate":false,"showSkybox":false,"showFlares":false,"showImageEffects":false,"showParticleSystems":false},"in2DMode":false,"pivot":{"x":-1.7715657949447632,"y":39.96112823486328,"z":-361.9097900390625},"rotation":{"x":-0.14801301062107087,"y":-0.20288635790348054,"z":0.031040890142321588,"w":-0.9674532413482666},"size":7.7367167472839359,"orthographic":false}